-- MySQL dump 10.11
--
-- Host: mysql.cloud.cs50.net    Database: kies_pset7
-- ------------------------------------------------------
-- Server version	5.0.45

/*!40101 SET @OLD_CHARACTER_SET_CLIENT=@@CHARACTER_SET_CLIENT */;
/*!40101 SET @OLD_CHARACTER_SET_RESULTS=@@CHARACTER_SET_RESULTS */;
/*!40101 SET @OLD_COLLATION_CONNECTION=@@COLLATION_CONNECTION */;
/*!40101 SET NAMES utf8 */;
/*!40103 SET @OLD_TIME_ZONE=@@TIME_ZONE */;
/*!40103 SET TIME_ZONE='+00:00' */;
/*!40014 SET @OLD_UNIQUE_CHECKS=@@UNIQUE_CHECKS, UNIQUE_CHECKS=0 */;
/*!40014 SET @OLD_FOREIGN_KEY_CHECKS=@@FOREIGN_KEY_CHECKS, FOREIGN_KEY_CHECKS=0 */;
/*!40101 SET @OLD_SQL_MODE=@@SQL_MODE, SQL_MODE='NO_AUTO_VALUE_ON_ZERO' */;
/*!40111 SET @OLD_SQL_NOTES=@@SQL_NOTES, SQL_NOTES=0 */;

--
-- Table structure for table `Portfolios`
--

DROP TABLE IF EXISTS `Portfolios`;
CREATE TABLE `Portfolios` (
  `uid` int(10) unsigned NOT NULL,
  `Stock` varchar(255) NOT NULL,
  `Shares` int(255) NOT NULL default '0',
  PRIMARY KEY  (`uid`,`Stock`)
) ENGINE=MyISAM DEFAULT CHARSET=latin1;

--
-- Dumping data for table `Portfolios`
--

LOCK TABLES `Portfolios` WRITE;
/*!40000 ALTER TABLE `Portfolios` DISABLE KEYS */;
INSERT INTO `Portfolios` VALUES (1,'Goog',2530),(11,'BIG',5000),(1,'big',55959),(3,'goog',2),(3,'big',3),(1,'amzn',49);
/*!40000 ALTER TABLE `Portfolios` ENABLE KEYS */;
UNLOCK TABLES;

--
-- Table structure for table `history`
--

DROP TABLE IF EXISTS `history`;
CREATE TABLE `history` (
  `uid` int(10) NOT NULL,
  `transaction` enum('bought','sold') NOT NULL,
  `stock` varchar(255) NOT NULL,
  `shares` int(100) NOT NULL,
  `price` decimal(65,30) NOT NULL,
  `time` datetime NOT NULL
) ENGINE=MyISAM DEFAULT CHARSET=latin1;

--
-- Dumping data for table `history`
--

LOCK TABLES `history` WRITE;
/*!40000 ALTER TABLE `history` DISABLE KEYS */;
INSERT INTO `history` VALUES (3,'bought','goog',2,'0.000000000000000000000000000000','0000-00-00 00:00:00'),(1,'sold','goog',1,'262.000000000000000000000000000000','0000-00-00 00:00:00'),(1,'bought','goog',3,'0.000000000000000000000000000000','0000-00-00 00:00:00'),(1,'sold','goog',1,'262.000000000000000000000000000000','0000-00-00 00:00:00'),(3,'bought','big',4,'0.000000000000000000000000000000','0000-00-00 00:00:00'),(3,'sold','big',1,'14.000000000000000000000000000000','0000-00-00 00:00:00'),(1,'sold','big',1,'15.000000000000000000000000000000','0000-00-00 00:00:00'),(1,'sold','big',0,'15.000000000000000000000000000000','0000-00-00 00:00:00'),(1,'sold','big',0,'15.000000000000000000000000000000','0000-00-00 00:00:00'),(1,'sold','big',0,'15.000000000000000000000000000000','0000-00-00 00:00:00'),(1,'sold','big',0,'15.000000000000000000000000000000','0000-00-00 00:00:00'),(1,'sold','big',0,'15.000000000000000000000000000000','0000-00-00 00:00:00'),(1,'sold','big',0,'15.000000000000000000000000000000','0000-00-00 00:00:00'),(1,'bought','big',1,'0.000000000000000000000000000000','0000-00-00 00:00:00'),(1,'sold','big',2,'15.000000000000000000000000000000','0000-00-00 00:00:00'),(1,'sold','big',0,'15.000000000000000000000000000000','0000-00-00 00:00:00'),(1,'bought','big',2,'0.000000000000000000000000000000','0000-00-00 00:00:00'),(1,'bought','big',0,'0.000000000000000000000000000000','0000-00-00 00:00:00'),(1,'bought','amzn',10,'0.000000000000000000000000000000','0000-00-00 00:00:00'),(1,'bought','amzn',10,'0.000000000000000000000000000000','2008-11-24 17:10:23'),(1,'bought','big',1,'0.000000000000000000000000000000','2008-11-24 17:18:54'),(1,'sold','amzn',1,'42.000000000000000000000000000000','2008-11-24 17:19:04'),(1,'sold','big',34,'15.000000000000000000000000000000','2008-11-24 17:20:49'),(1,'sold','big',9,'15.000000000000000000000000000000','2008-11-24 17:21:08'),(1,'bought','goog',34,'0.000000000000000000000000000000','2008-11-24 17:21:59');
/*!40000 ALTER TABLE `history` ENABLE KEYS */;
UNLOCK TABLES;

--
-- Table structure for table `users`
--

DROP TABLE IF EXISTS `users`;
CREATE TABLE `users` (
  `uid` int(10) unsigned NOT NULL auto_increment,
  `username` varchar(255) NOT NULL,
  `password` varchar(255) NOT NULL,
  `Cash` decimal(65,30) unsigned NOT NULL default '0.000000000000000000000000000000',
  PRIMARY KEY  (`uid`),
  UNIQUE KEY `username` (`username`)
) ENGINE=MyISAM AUTO_INCREMENT=17 DEFAULT CHARSET=latin1;

--
-- Dumping data for table `users`
--

LOCK TABLES `users` WRITE;
/*!40000 ALTER TABLE `users` DISABLE KEYS */;
INSERT INTO `users` VALUES (1,'dhelmet','12345','3974839.000000000000000000000000000000'),(2,'phb','123','10000.000000000000000000000000000000'),(3,'kitteh','lol','9431.000000000000000000000000000000'),(4,'blaise','FOOBAR','10000.000000000000000000000000000000'),(5,'wbrandes','MyVoice','10000.000000000000000000000000000000'),(6,'gcostanza','B0sc0','10000.000000000000000000000000000000'),(7,'sjobs','iPhone3G','10000.000000000000000000000000000000'),(8,'tdickson','iPhone3G','10000.000000000000000000000000000000'),(9,'malan','URpwned!','10000.000000000000000000000000000000'),(10,'kies','Z1mbabwe','10000.000000000000000000000000000000'),(11,'bug','23','10000.000000000000000000000000000000'),(12,'ABCD','123','10000.000000000000000000000000000000'),(13,'bugy','12345','10000.000000000000000000000000000000'),(14,'ben','3','10000.000000000000000000000000000000'),(15,'ant','mak','10000.000000000000000000000000000000'),(16,'Tom','kp','10000.000000000000000000000000000000');
/*!40000 ALTER TABLE `users` ENABLE KEYS */;
UNLOCK TABLES;
/*!40103 SET TIME_ZONE=@OLD_TIME_ZONE */;

/*!40101 SET SQL_MODE=@OLD_SQL_MODE */;
/*!40014 SET FOREIGN_KEY_CHECKS=@OLD_FOREIGN_KEY_CHECKS */;
/*!40014 SET UNIQUE_CHECKS=@OLD_UNIQUE_CHECKS */;
/*!40101 SET CHARACTER_SET_CLIENT=@OLD_CHARACTER_SET_CLIENT */;
/*!40101 SET CHARACTER_SET_RESULTS=@OLD_CHARACTER_SET_RESULTS */;
/*!40101 SET COLLATION_CONNECTION=@OLD_COLLATION_CONNECTION */;
/*!40111 SET SQL_NOTES=@OLD_SQL_NOTES */;

-- Dump completed on 2008-11-24 23:14:55
